model,quantity,time,median,lwr,upr
Lognormal [14],Advantage,3,1.7972358692636932,1.5931470632144515,1.9985990181170645
Lognormal [14],Advantage,3.071428571428571,1.8205184371011054,1.6245463105211226,2.026788233856998
Lognormal [14],Advantage,3.142857142857143,1.8437436957076292,1.6604656939507827,2.048382780549476
Lognormal [14],Advantage,3.214285714285714,1.8683418683841861,1.6947373751824113,2.0775372585858984
Lognormal [14],Advantage,3.2857142857142856,1.895291285097616,1.7276594380833785,2.1063413172972334
Lognormal [14],Advantage,3.357142857142857,1.9174870863490583,1.750584080234941,2.156217610434577
Lognormal [14],Advantage,3.4285714285714284,1.9450441197821402,1.770440273772975,2.1753311398400377
Lognormal [14],Advantage,3.5,1.9694278056544048,1.7824179489199852,2.205681807756648
Lognormal [14],Advantage,3.571428571428571,1.9956745322310114,1.789049123270603,2.2424888185189262
Lognormal [14],Advantage,3.642857142857143,2.019108004815261,1.804147036631865,2.280979742230302
Lognormal [14],Advantage,3.714285714285714,2.0310486284190685,1.8127940923517154,2.311565517846241
Lognormal [14],Advantage,3.7857142857142856,2.0500469672917463,1.8200488685804874,2.3267936383215186
Lognormal [14],Advantage,3.8571428571428568,2.0617522203524645,1.828072361512596,2.3309131039635584
Lognormal [14],Advantage,3.9285714285714284,2.073191809321013,1.8453077047718418,2.340845024738812
Lognormal [14],Advantage,4,2.0823865605319494,1.8572998349933432,2.3373455475708558
Lognormal [14],Advantage,4.071428571428571,2.087610029267002,1.8642034898589188,2.3359610792598584
Lognormal [14],Advantage,4.142857142857142,2.0960372564166034,1.8761854334312582,2.3385807602754682
Lognormal [14],Advantage,4.2142857142857135,2.1006849008364625,1.8883770503376165,2.335762970587589
Lognormal [14],Advantage,4.285714285714286,2.100597158330024,1.8901657882751892,2.330797801557313
Lognormal [14],Advantage,4.357142857142857,2.098137471250089,1.8873336262729972,2.325708630491666
Lognormal [14],Advantage,4.428571428571429,2.095129814946411,1.883328476278536,2.340999684647692
Lognormal [14],Advantage,4.5,2.0902238375836597,1.8791964279962268,2.332317938559015
Lognormal [14],Advantage,4.571428571428571,2.088348677406974,1.874953037002636,2.319970360749367
Lognormal [14],Advantage,4.642857142857142,2.0830567819059747,1.870332097661715,2.3199331969552075
Lognormal [14],Advantage,4.7142857142857135,2.0829287692971725,1.8672526604846569,2.320460365550812
Lognormal [14],Advantage,4.785714285714286,2.0869123582907143,1.8623041422303004,2.323384564419428
Lognormal [14],Advantage,4.857142857142857,2.0874761009124807,1.8663483577087894,2.3278153537685995
Lognormal [14],Advantage,4.928571428571429,2.088245623826926,1.8642762043652337,2.327151985329167
Lognormal [14],Advantage,5,2.0894588582937104,1.860852215187122,2.3265995899177665
Lognormal [14],Advantage,5.071428571428571,2.0885350905195823,1.8680131493045755,2.322962359915613
Lognormal [14],Advantage,5.142857142857142,2.088481835138836,1.874744877295165,2.320365596446431
Lognormal [14],Advantage,5.214285714285714,2.0889968833061427,1.8841758141795997,2.32119403457506
Lognormal [14],Advantage,5.285714285714286,2.0919114402969123,1.8822775335121982,2.311027321570221
Lognormal [14],Advantage,5.357142857142857,2.0907625825556115,1.8739019696892136,2.309275022761389
Lognormal [14],Advantage,5.428571428571428,2.089081436781629,1.870273484036496,2.3084256541143278
Lognormal [14],Advantage,5.5,2.0883656896620297,1.8696014985999438,2.3024841366233866
Lognormal [14],Advantage,5.571428571428571,2.085254746435484,1.8606830367438874,2.2961206888895442
Lognormal [14],Advantage,5.642857142857142,2.0841170115409318,1.8449083948467664,2.3092837803820667
Lognormal [14],Advantage,5.714285714285714,2.07791473153849,1.8392105695597492,2.310992478198463
Lognormal [14],Advantage,5.785714285714286,2.074155259254579,1.8406574422125639,2.2979483048987506
Lognormal [14],Advantage,5.857142857142857,2.0674927271662753,1.8275965844477,2.2972638280151036
Lognormal [14],Advantage,5.928571428571428,2.061439183456561,1.8313448067168663,2.2951578000384356
Lognormal [14],Advantage,6,2.053500008466889,1.8349763100067435,2.275645998735406
Lognormal [14],Advantage,6.071428571428571,2.0393035540178426,1.8390161959756448,2.256598132891172
Lognormal [14],Advantage,6.142857142857142,2.0319441574525268,1.8302492179156653,2.243733073400115
Lognormal [14],Advantage,6.214285714285714,2.022614398040816,1.8296606599714567,2.228068664641363
Lognormal [14],Advantage,6.285714285714286,2.0134657679266272,1.8239591667308745,2.2143655694847713
Lognormal [14],Advantage,6.357142857142857,2.0026727201525474,1.810461180158717,2.202056610654589
Lognormal [14],Advantage,6.428571428571428,1.9925152081637516,1.7897540277096158,2.193534759629223
Lognormal [14],Advantage,6.5,1.9794656358837817,1.768841009089925,2.1897292572704004
Lognormal [14],Advantage,6.571428571428571,1.9681734086247724,1.7521626509149908,2.1901184298220215
Lognormal [14],Advantage,6.642857142857142,1.9567749995822545,1.7370585595324446,2.1884360395711084
Lognormal [14],Advantage,6.7142857142857135,1.9460860930690391,1.7236865200116787,2.1832956520350244
Lognormal [14],Advantage,6.785714285714286,1.9332232905132245,1.704121059717093,2.179381937236395
Lognormal [14],Advantage,6.857142857142857,1.9151503837905237,1.6814035280754545,2.1626814599836024
Lognormal [14],Advantage,6.928571428571428,1.8991699175282308,1.6725698828699649,2.150026192761618
Lognormal [14],Advantage,7,1.890615092688333,1.6653808857136645,2.142621419405868
Lognormal [14],Advantage,7.071428571428571,1.876797210107274,1.6648062482736488,2.116207782798863
Lognormal [14],Advantage,7.142857142857142,1.8671253098895693,1.674574833839519,2.1097099176784635
Lognormal [14],Advantage,7.2142857142857135,1.8549799576116763,1.6475641971660633,2.0785755373340535
Lognormal [14],Advantage,7.285714285714286,1.844102964108548,1.6454815284471476,2.0591155322470556
Lognormal [14],Advantage,7.357142857142857,1.8318304700231107,1.6381516092428456,2.050944016756391
Lognormal [14],Advantage,7.428571428571428,1.8234386320744105,1.619915919153606,2.0391667921562604
Lognormal [14],Advantage,7.5,1.8136027602180795,1.6114037153392244,2.0425219171623805
Lognormal [14],Advantage,7.571428571428571,1.8028796040977633,1.594205832598997,2.0348257034611037
Lognormal [14],Advantage,7.642857142857142,1.791700017591531,1.58402501701436,2.025344525572056
Lognormal [14],Advantage,7.7142857142857135,1.78369181870554,1.5677141436649238,2.0185138827826625
Lognormal [14],Advantage,7.785714285714286,1.7739502255147628,1.555639903274274,2.0054008851217615
Lognormal [14],Advantage,7.857142857142857,1.7662246508957655,1.5463759760775977,1.9888467870846778
Lognormal [14],Advantage,7.928571428571428,1.7564329012191484,1.5429074027609517,1.9730885948101675
Lognormal [14],Advantage,8,1.7499311256825656,1.5465008653532832,1.9572434923450175
Lognormal [14],Advantage,8.071428571428571,1.7398704806694825,1.5533811329262077,1.9378911632178226
Lognormal [14],Advantage,8.142857142857142,1.7308733031312722,1.5506132526578276,1.9237670641270175
Lognormal [14],Advantage,8.214285714285714,1.7236649306347531,1.548629341173122,1.9065447046348822
Lognormal [14],Advantage,8.285714285714285,1.717208387954122,1.5410574175454423,1.892302262959707
Lognormal [14],Advantage,8.357142857142858,1.7107511538699973,1.5354523039260524,1.8897794600845643
Lognormal [14],Advantage,8.428571428571427,1.6992472029749424,1.524858096132008,1.8884299005887584
Lognormal [14],Advantage,8.5,1.6864765842845593,1.514157177460637,1.8778424647456171
Lognormal [14],Advantage,8.571428571428571,1.6759083392651442,1.4958327291168432,1.8733341565182444
Lognormal [14],Advantage,8.642857142857142,1.6628886711447102,1.4746760180084355,1.8688653618882918
Lognormal [14],Advantage,8.714285714285714,1.6513777379949537,1.464484996944578,1.860678004801878
Lognormal [14],Advantage,8.785714285714285,1.6362704856264345,1.4506890606228124,1.8549768640892528
Lognormal [14],Advantage,8.857142857142858,1.6220462373751414,1.4327943684663489,1.8368523956530989
Lognormal [14],Advantage,8.928571428571427,1.6071962695013957,1.4231872160967163,1.810679184239837
Lognormal [14],Advantage,9,1.5917728391163308,1.412088418054567,1.7943724089758752
Lognormal [14],Advantage,9.071428571428571,1.5762075810726808,1.3938189596933404,1.7718660817504055
Lognormal [14],Advantage,9.142857142857142,1.5544749666997566,1.371233399593962,1.759329517135176
Lognormal [14],Advantage,9.214285714285714,1.5324795090672332,1.3655847287532876,1.7341139884304335
Lognormal [14],Advantage,9.285714285714285,1.509039202644122,1.3411495481844997,1.714610368310996
Lognormal [14],Advantage,9.357142857142856,1.4929011345341021,1.3300995931290147,1.7021263386767478
Lognormal [14],Advantage,9.428571428571429,1.476218870124931,1.3082155819769388,1.6779338563213473
Lognormal [14],Advantage,9.5,1.4558578770033943,1.2806787900830496,1.6728811705836322
Lognormal [14],Advantage,9.571428571428571,1.4391087692836284,1.2625059510115437,1.6783404200432728
Lognormal [14],Advantage,9.642857142857142,1.4240025474648816,1.2395887207065186,1.677163642679991
Lognormal [14],Advantage,9.714285714285714,1.4102572990711995,1.2189591170894052,1.680719468079648
Lognormal [14],Advantage,9.785714285714285,1.3992009680941846,1.2036221130708515,1.6814287642996504
Lognormal [14],Advantage,9.857142857142856,1.3872376326475617,1.1850807536145194,1.6803494202622538
Lognormal [14],Advantage,9.928571428571429,1.3779121260181357,1.1717603620085173,1.6806232252458795
Lognormal [14],Advantage,10,1.3696556622662097,1.160348799283621,1.6835832480868418
Lognormal [14],Delta,3,0.8899892196027063,0.8261162025780128,0.9621140884812026
Lognormal [14],Delta,3.071428571428571,0.8847094371429605,0.8255346262620633,0.9542263713630273
Lognormal [14],Delta,3.142857142857143,0.8814281134122206,0.8239388161816461,0.9486619560278959
Lognormal [14],Delta,3.214285714285714,0.8778459887782306,0.8205214856373709,0.9397405695974154
Lognormal [14],Delta,3.2857142857142856,0.8725831842157803,0.8159518801161705,0.9286251662012922
Lognormal [14],Delta,3.357142857142857,0.8679314144407537,0.8104943140006035,0.9227641554143349
Lognormal [14],Delta,3.4285714285714284,0.8626242673252311,0.8035483774048067,0.9204712801547724
Lognormal [14],Delta,3.5,0.8572702217773309,0.7983658411158429,0.9153188714088158
Lognormal [14],Delta,3.571428571428571,0.8515103499081532,0.7946143145308919,0.9111009947368034
Lognormal [14],Delta,3.642857142857143,0.8468026289687428,0.7890876531008926,0.9069612516537578
Lognormal [14],Delta,3.714285714285714,0.8424678583094254,0.7853601475431706,0.9028654413262696
Lognormal [14],Delta,3.7857142857142856,0.8383390737005778,0.7817368606067376,0.8990896399548765
Lognormal [14],Delta,3.8571428571428568,0.8342590262788003,0.7776353118052843,0.8990032498964061
Lognormal [14],Delta,3.9285714285714284,0.8300000854742142,0.7735300866418433,0.8937595703054293
Lognormal [14],Delta,4,0.8265469248651243,0.7680969229717112,0.8893893369308228
Lognormal [14],Delta,4.071428571428571,0.8223597279131349,0.7668316197393028,0.8853412571513453
Lognormal [14],Delta,4.142857142857142,0.818867520589675,0.7654159997502046,0.8787293524646713
Lognormal [14],Delta,4.2142857142857135,0.8147984099019467,0.7600368344469971,0.8704719642910196
Lognormal [14],Delta,4.285714285714286,0.8096538191235343,0.7556784469946006,0.8661133494224807
Lognormal [14],Delta,4.357142857142857,0.807305919783746,0.7531459799843618,0.8617591330294075
Lognormal [14],Delta,4.428571428571429,0.8046768254702652,0.7508974531852641,0.8602227824847964
Lognormal [14],Delta,4.5,0.8010122248271145,0.7458991554394624,0.855956509062245
Lognormal [14],Delta,4.571428571428571,0.7967900693479091,0.7374114583519623,0.8525846689621575
Lognormal [14],Delta,4.642857142857142,0.7934244739453422,0.7337140844161862,0.850133552847026
Lognormal [14],Delta,4.7142857142857135,0.7899525342911131,0.7273738048637325,0.8466878282764497
Lognormal [14],Delta,4.785714285714286,0.7867074875864115,0.7221113857524945,0.8436812112570993
Lognormal [14],Delta,4.857142857142857,0.7825069097008102,0.7198789916426606,0.8411480748681252
Lognormal [14],Delta,4.928571428571429,0.7795030589916777,0.7196702894327477,0.8361475384676635
Lognormal [14],Delta,5,0.7760535559970854,0.7194924758337465,0.8318962220281261
Lognormal [14],Delta,5.071428571428571,0.7726636452829259,0.7161263880371834,0.8263338505327593
Lognormal [14],Delta,5.142857142857142,0.769669123122336,0.7124476766566381,0.822292303549859
Lognormal [14],Delta,5.214285714285714,0.7674011072666906,0.7109578962427444,0.819165538889653
Lognormal [14],Delta,5.285714285714286,0.7632905714645337,0.7101552974232699,0.815882240019834
Lognormal [14],Delta,5.357142857142857,0.7599325854909034,0.7072725859739615,0.8124474196378317
Lognormal [14],Delta,5.428571428571428,0.75615567925245,0.7020503508517069,0.8101645830835568
Lognormal [14],Delta,5.5,0.7533247030253888,0.7010436111846396,0.8086477874370537
Lognormal [14],Delta,5.571428571428571,0.7494628915675217,0.696259260890145,0.8064286738187526
Lognormal [14],Delta,5.642857142857142,0.7468390942486101,0.693816187459897,0.8059640635641703
Lognormal [14],Delta,5.714285714285714,0.7449772960148482,0.6909173175156177,0.8075642791427861
Lognormal [14],Delta,5.785714285714286,0.7432056805037803,0.6877508368820073,0.8039509537198548
Lognormal [14],Delta,5.857142857142857,0.7413419077223722,0.6835457532577852,0.8023604274849214
Lognormal [14],Delta,5.928571428571428,0.74010077028592,0.6826044196928794,0.7992969699912718
Lognormal [14],Delta,6,0.7365490066202636,0.6832557132153889,0.7954253394455125
Lognormal [14],Delta,6.071428571428571,0.7354514415109299,0.684939325465226,0.792547433259907
Lognormal [14],Delta,6.142857142857142,0.7338869859293435,0.6866039611070835,0.7891968954271827
Lognormal [14],Delta,6.214285714285714,0.7320361978497787,0.6873838798409349,0.7868986689253069
Lognormal [14],Delta,6.285714285714286,0.730655895145446,0.6880321587834336,0.7854586687229823
Lognormal [14],Delta,6.357142857142857,0.7285842399271848,0.6832445432693238,0.7871360589854671
Lognormal [14],Delta,6.428571428571428,0.7288173872135999,0.6815450605098659,0.7866582535621568
Lognormal [14],Delta,6.5,0.7278211431812267,0.6801493809145064,0.7843190011805502
Lognormal [14],Delta,6.571428571428571,0.7255047332709161,0.6742427350329829,0.7814159222391852
Lognormal [14],Delta,6.642857142857142,0.7239643814207795,0.6699414635037497,0.7790868023945157
Lognormal [14],Delta,6.7142857142857135,0.7222811753456131,0.6663439791958051,0.782168804079637
Lognormal [14],Delta,6.785714285714286,0.7203750121804546,0.6622709805915797,0.7810066488384971
Lognormal [14],Delta,6.857142857142857,0.7186611280081752,0.6583686572597457,0.7771286722146747
Lognormal [14],Delta,6.928571428571428,0.7165784687706109,0.6570827254947126,0.7723229728283246
Lognormal [14],Delta,7,0.7138061430593383,0.6567283803144606,0.7696594956469948
Lognormal [14],Delta,7.071428571428571,0.7122045351298181,0.6534047261769849,0.7697639110839836
Lognormal [14],Delta,7.142857142857142,0.7100597867371693,0.6506524571913604,0.7719858991247549
Lognormal [14],Delta,7.2142857142857135,0.7079560872258173,0.652092945787215,0.7655702927796282
Lognormal [14],Delta,7.285714285714286,0.7042723308153596,0.6509490319796413,0.7618793043473637
Lognormal [14],Delta,7.357142857142857,0.7002539049424398,0.6489049440141231,0.7614302383833716
Lognormal [14],Delta,7.428571428571428,0.698128260001653,0.6457433211464695,0.7616341833342197
Lognormal [14],Delta,7.5,0.6965017783452934,0.6421109407456853,0.7606179763824484
Lognormal [14],Delta,7.571428571428571,0.6937629846102369,0.6391669997016297,0.7571287102612486
Lognormal [14],Delta,7.642857142857142,0.6911360838463745,0.6359099070603053,0.7547566822864864
Lognormal [14],Delta,7.7142857142857135,0.6895569784535414,0.6345561459366965,0.7576740263380487
Lognormal [14],Delta,7.785714285714286,0.6884405957052101,0.6351586290823326,0.7559647333971764
Lognormal [14],Delta,7.857142857142857,0.6869639753036295,0.6353261553124919,0.7521780679630594
Lognormal [14],Delta,7.928571428571428,0.6863670113470303,0.6352507084347092,0.748009159725589
Lognormal [14],Delta,8,0.6864149991703655,0.6365228599735494,0.7441047424745719
Lognormal [14],Delta,8.071428571428571,0.6859488810522407,0.6379479771770136,0.7442812000139898
Lognormal [14],Delta,8.142857142857142,0.6866691313792571,0.640210664593822,0.7448395203924137
Lognormal [14],Delta,8.214285714285714,0.6878510673092293,0.6433976823516251,0.7456167774884352
Lognormal [14],Delta,8.285714285714285,0.690447822754648,0.6454096021542948,0.7482268644505615
Lognormal [14],Delta,8.357142857142858,0.692403622777423,0.6476338536279622,0.7498568478446173
Lognormal [14],Delta,8.428571428571427,0.6941892874710798,0.6478625569801671,0.751633088312896
Lognormal [14],Delta,8.5,0.6973567822351994,0.6480268718736957,0.7546319700785077
Lognormal [14],Delta,8.571428571428571,0.7009714759815311,0.6516318320765333,0.7587356917272587
Lognormal [14],Delta,8.642857142857142,0.7045120422248395,0.6528339728488853,0.763966987207291
Lognormal [14],Delta,8.714285714285714,0.708688423383601,0.6553179019245153,0.7696315531864887
Lognormal [14],Delta,8.785714285714285,0.7136904836272686,0.6589628452372943,0.7755572518901447
Lognormal [14],Delta,8.857142857142858,0.7186802266867606,0.6637066000785932,0.7827218006070644
Lognormal [14],Delta,8.928571428571427,0.7258125396614217,0.6688159934028537,0.7872759072631396
Lognormal [14],Delta,9,0.7325063382213013,0.677884928903204,0.7926955014245533
Lognormal [14],Delta,9.071428571428571,0.7392613523283924,0.6839574264373209,0.8004673815642073
Lognormal [14],Delta,9.142857142857142,0.7456501034251208,0.6887047226561321,0.8063841657727993
Lognormal [14],Delta,9.214285714285714,0.7532185782928136,0.6963107158152527,0.8109718714483717
Lognormal [14],Delta,9.285714285714285,0.7623671739452607,0.7021168455301727,0.8213834109687526
Lognormal [14],Delta,9.357142857142856,0.7693553369223742,0.7063573805958656,0.8337490039515305
Lognormal [14],Delta,9.428571428571429,0.777454628882744,0.712427823308887,0.84224786669459
Lognormal [14],Delta,9.5,0.7850409530156637,0.7171394119299941,0.8552395704663726
Lognormal [14],Delta,9.571428571428571,0.7935812766950628,0.7202351030649776,0.8678086754066716
Lognormal [14],Delta,9.642857142857142,0.8007748916461446,0.7231582150874257,0.8805432134316848
Lognormal [14],Delta,9.714285714285714,0.807186397244106,0.7259156358139066,0.8921949062723189
Lognormal [14],Delta,9.785714285714285,0.8128663863123986,0.7284763824024791,0.9036837785462273
Lognormal [14],Delta,9.857142857142856,0.820228504879664,0.7261300966638845,0.913707572992006
Lognormal [14],Delta,9.928571428571429,0.825587973898407,0.7266602629278559,0.9220678694760649
Lognormal [14],Delta,10,0.8298313682498973,0.7289321671064491,0.9307807678945755
Lognormal [14],Omicron,3,1.6026256016901201,1.4727289990008658,1.7275514528062963
Lognormal [14],Omicron,3.071428571428571,1.6175650007877969,1.4933345358140442,1.7417621446068279
Lognormal [14],Omicron,3.142857142857143,1.6307606709519464,1.5110330774752219,1.7554536555069427
Lognormal [14],Omicron,3.214285714285714,1.642901677925472,1.5251014474464963,1.7681550907814323
Lognormal [14],Omicron,3.2857142857142856,1.657664205775719,1.5424269456965165,1.7815070321085793
Lognormal [14],Omicron,3.357142857142857,1.6699245204387567,1.5461395656160908,1.8063684743285175
Lognormal [14],Omicron,3.4285714285714284,1.6815294298795074,1.547682653160915,1.8262868830867225
Lognormal [14],Omicron,3.5,1.6929409912663977,1.552462479384457,1.8425913147846849
Lognormal [14],Omicron,3.571428571428571,1.704295314273062,1.5671416482347948,1.8563030069113757
Lognormal [14],Omicron,3.642857142857143,1.7134300742167148,1.5697012845962015,1.873831164152242
Lognormal [14],Omicron,3.714285714285714,1.7184620623061786,1.5651939052713197,1.8907882845520168
Lognormal [14],Omicron,3.7857142857142856,1.7216979161060535,1.573832923961747,1.8987856351623098
Lognormal [14],Omicron,3.8571428571428568,1.7260557132980687,1.5835404385318717,1.8985564047239445
Lognormal [14],Omicron,3.9285714285714284,1.7270319713807207,1.5891791719015722,1.8957610602592871
Lognormal [14],Omicron,4,1.7237783000363884,1.5942141287611606,1.8921619317963372
Lognormal [14],Omicron,4.071428571428571,1.7186564487037583,1.5951983831588177,1.8782758028330455
Lognormal [14],Omicron,4.142857142857142,1.7125541985369683,1.58938672010008,1.861929223214539
Lognormal [14],Omicron,4.2142857142857135,1.702536121259857,1.582980525701678,1.846568805090301
Lognormal [14],Omicron,4.285714285714286,1.696865230382127,1.5848473497975895,1.8390590173634977
Lognormal [14],Omicron,4.357142857142857,1.6915333034732352,1.5813786472146476,1.8268615538679174
Lognormal [14],Omicron,4.428571428571429,1.6839044444310627,1.5687848870787011,1.8221254271678113
Lognormal [14],Omicron,4.5,1.6777019846062071,1.5562135743124015,1.8158431071297052
Lognormal [14],Omicron,4.571428571428571,1.6694373161296028,1.5429250509074222,1.8096569152145217
Lognormal [14],Omicron,4.642857142857142,1.6611003276815755,1.5253385431764803,1.7994928801170815
Lognormal [14],Omicron,4.7142857142857135,1.6513590583247963,1.522701233252949,1.7918160529741491
Lognormal [14],Omicron,4.785714285714286,1.6426662329037875,1.5126849369500392,1.7886668148793912
Lognormal [14],Omicron,4.857142857142857,1.6357980589691619,1.5053181541472669,1.781536520230433
Lognormal [14],Omicron,4.928571428571429,1.6246188532284904,1.4989770437142513,1.7682569278365163
Lognormal [14],Omicron,5,1.618351156649347,1.495712686119807,1.7515894772537985
Lognormal [14],Omicron,5.071428571428571,1.6101673136283823,1.4923296168089346,1.7436088667085436
Lognormal [14],Omicron,5.142857142857142,1.600786204496638,1.4906474584233684,1.7321513903067507
Lognormal [14],Omicron,5.214285714285714,1.5956659897184036,1.478631809355793,1.7294237570633122
Lognormal [14],Omicron,5.285714285714286,1.586972699466888,1.4769035664233003,1.7272074791907492
Lognormal [14],Omicron,5.357142857142857,1.5804224560371445,1.4722571288150061,1.7150399436496735
Lognormal [14],Omicron,5.428571428571428,1.574000114957069,1.463625366640343,1.7094710108166136
Lognormal [14],Omicron,5.5,1.5674094552706759,1.4486814146218725,1.702818822666132
Lognormal [14],Omicron,5.571428571428571,1.560747258332983,1.4420476706058263,1.6960523638196616
Lognormal [14],Omicron,5.642857142857142,1.5531530642550222,1.4323351956205772,1.6860538103091736
Lognormal [14],Omicron,5.714285714285714,1.5456298909539576,1.4216793219972181,1.6827614603729268
Lognormal [14],Omicron,5.785714285714286,1.5370922149083657,1.4101278740511094,1.6703560798435153
Lognormal [14],Omicron,5.857142857142857,1.5318714910464817,1.4071894414629371,1.6594300907936734
Lognormal [14],Omicron,5.928571428571428,1.52306005815524,1.3969555584003595,1.6493463761811358
Lognormal [14],Omicron,6,1.5111618556390094,1.3887529254191393,1.633000718557151
Lognormal [14],Omicron,6.071428571428571,1.5015049587954994,1.3866674148922615,1.6205008922119726
Lognormal [14],Omicron,6.142857142857142,1.4920269173262368,1.3791745439504357,1.6129192716619531
Lognormal [14],Omicron,6.214285714285714,1.4825675923422188,1.372076196832997,1.605296563982721
Lognormal [14],Omicron,6.285714285714286,1.4720916688359877,1.3649884906130998,1.597157307480895
Lognormal [14],Omicron,6.357142857142857,1.4610039157307468,1.3505733585601667,1.5870052372809982
Lognormal [14],Omicron,6.428571428571428,1.4498967187323721,1.3384609037890918,1.5757298539034097
Lognormal [14],Omicron,6.5,1.4388499093485763,1.3224726745521038,1.5655875775932573
Lognormal [14],Omicron,6.571428571428571,1.4262159489042894,1.3115240888654853,1.5557659689931806
Lognormal [14],Omicron,6.642857142857142,1.4163089166171001,1.2972094548843263,1.5435784028233492
Lognormal [14],Omicron,6.7142857142857135,1.402683952191099,1.2842408384537818,1.534237033698498
Lognormal [14],Omicron,6.785714285714286,1.3882467954070807,1.2740865983692053,1.5189705086971423
Lognormal [14],Omicron,6.857142857142857,1.3725591044444525,1.264737602909357,1.5005513644660449
Lognormal [14],Omicron,6.928571428571428,1.3614706642275927,1.25722162515618,1.4849813650726373
Lognormal [14],Omicron,7,1.3493626364016134,1.246479225286762,1.462500235562242
Lognormal [14],Omicron,7.071428571428571,1.3362523072292696,1.2346417946533446,1.4499543731107711
Lognormal [14],Omicron,7.142857142857142,1.3215088074256396,1.2255718902189496,1.4408244825818093
Lognormal [14],Omicron,7.2142857142857135,1.3101656476782897,1.2129181398178799,1.422071750746591
Lognormal [14],Omicron,7.285714285714286,1.2987542737093294,1.2039418725957662,1.4155964277137092
Lognormal [14],Omicron,7.357142857142857,1.2836170228076509,1.191806600945872,1.4058306423683051
Lognormal [14],Omicron,7.428571428571428,1.2707760901124503,1.1779211096565243,1.388978771847996
Lognormal [14],Omicron,7.5,1.260078296042448,1.161062483238416,1.3746747510202864
Lognormal [14],Omicron,7.571428571428571,1.2473825925770983,1.1492337129108936,1.3656482958933909
Lognormal [14],Omicron,7.642857142857142,1.2391048265288458,1.13894021603019,1.3605613953172804
Lognormal [14],Omicron,7.7142857142857135,1.2308624258632546,1.1291650768536778,1.3535689364581236
Lognormal [14],Omicron,7.785714285714286,1.2212381965619807,1.1203928956794458,1.3475143294248375
Lognormal [14],Omicron,7.857142857142857,1.2137633165522228,1.1138578682592999,1.335639037780408
Lognormal [14],Omicron,7.928571428571428,1.207399660300544,1.1075810016130991,1.3213429714652722
Lognormal [14],Omicron,8,1.2035032805241328,1.1074300436393945,1.3095688436135642
Lognormal [14],Omicron,8.071428571428571,1.1988765469589526,1.107697052274129,1.2976457448106338
Lognormal [14],Omicron,8.142857142857142,1.192930442427813,1.1022468090044317,1.2859999218359242
Lognormal [14],Omicron,8.214285714285714,1.189140445405931,1.0995676826034986,1.276287458878486
Lognormal [14],Omicron,8.285714285714285,1.1871955113649109,1.094816119078342,1.2712383308832345
Lognormal [14],Omicron,8.357142857142858,1.183337842816829,1.0849862323274666,1.272305676822482
Lognormal [14],Omicron,8.428571428571427,1.1781842255311918,1.0741852123797409,1.2713662085816053
Lognormal [14],Omicron,8.5,1.1758267140284833,1.0682773221514186,1.2682855746592754
Lognormal [14],Omicron,8.571428571428571,1.1745636308108507,1.0699487511924775,1.267519965436306
Lognormal [14],Omicron,8.642857142857142,1.171379580503475,1.0664315970608649,1.2653878895014756
Lognormal [14],Omicron,8.714285714285714,1.1698164756301657,1.061353687695408,1.2671101478804148
Lognormal [14],Omicron,8.785714285714285,1.1675938299100301,1.059253898807966,1.2682249164562491
Lognormal [14],Omicron,8.857142857142858,1.1640284375457464,1.0630327263839856,1.2636193984462294
Lognormal [14],Omicron,8.928571428571427,1.1618108875868023,1.0635137920656343,1.2583427248978278
Lognormal [14],Omicron,9,1.1583070594536173,1.0641197280420847,1.2509891345387294
Lognormal [14],Omicron,9.071428571428571,1.1568073548954507,1.065940600866489,1.245833082834684
Lognormal [14],Omicron,9.142857142857142,1.1552880938884114,1.0670339443235575,1.2472501236179327
Lognormal [14],Omicron,9.214285714285714,1.155390781405927,1.0697507228997964,1.2487285866475237
Lognormal [14],Omicron,9.285714285714285,1.1522417739235034,1.0681315719768798,1.251886596683613
Lognormal [14],Omicron,9.357142857142856,1.149049009405158,1.0644567840198966,1.2565428134203411
Lognormal [14],Omicron,9.428571428571429,1.1479517436977913,1.0580010018605552,1.2591264365606893
Lognormal [14],Omicron,9.5,1.1459587246691139,1.0508541023323685,1.2695579031917636
Lognormal [14],Omicron,9.571428571428571,1.1442388790499138,1.0411615733875001,1.2805142581707043
Lognormal [14],Omicron,9.642857142857142,1.1410384445512696,1.0296438556047711,1.285091356731031
Lognormal [14],Omicron,9.714285714285714,1.1403243884870193,1.0202597120989483,1.2885457624400307
Lognormal [14],Omicron,9.785714285714285,1.138384195279066,1.0103052148891083,1.298164446152813
Lognormal [14],Omicron,9.857142857142856,1.1382896913328557,1.0047548016324233,1.311869046858139
Lognormal [14],Omicron,9.928571428571429,1.1374727530427866,0.9963525605549205,1.3180489650914575
Lognormal [14],Omicron,10,1.1364620994233428,0.9924167036852389,1.323829777120099
Updated-V observed-pair mechanistic,Advantage,3,1.8545323270950242,1.643846142556184,2.087588679128078
Updated-V observed-pair mechanistic,Advantage,3.071428571428571,1.880227592460377,1.6756943119744439,2.120801544649763
Updated-V observed-pair mechanistic,Advantage,3.142857142857143,1.9094131041679492,1.7041110620227713,2.147670653909286
Updated-V observed-pair mechanistic,Advantage,3.214285714285714,1.9351231826853312,1.7302306210746707,2.1727630627120056
Updated-V observed-pair mechanistic,Advantage,3.2857142857142856,1.965550522608604,1.7662665163641178,2.1965931430698946
Updated-V observed-pair mechanistic,Advantage,3.357142857142857,1.992573085564474,1.7967488448990954,2.2431102939808247
Updated-V observed-pair mechanistic,Advantage,3.4285714285714284,2.0234408730687594,1.8116267567783406,2.289794828865496
Updated-V observed-pair mechanistic,Advantage,3.5,2.050933664990043,1.8301060797013466,2.3247630561773303
Updated-V observed-pair mechanistic,Advantage,3.571428571428571,2.0800344495677807,1.849266393779021,2.3692814642951583
Updated-V observed-pair mechanistic,Advantage,3.642857142857143,2.1026343283249114,1.864979607203628,2.3872908803775887
Updated-V observed-pair mechanistic,Advantage,3.714285714285714,2.116528023895288,1.858886465536498,2.40609229962901
Updated-V observed-pair mechanistic,Advantage,3.7857142857142856,2.1350704846937782,1.86785291407508,2.4278824572892206
Updated-V observed-pair mechanistic,Advantage,3.8571428571428568,2.1511906130698595,1.889342965615063,2.4454214870030544
Updated-V observed-pair mechanistic,Advantage,3.9285714285714284,2.164503772549093,1.897919585574192,2.4561926143079624
Updated-V observed-pair mechanistic,Advantage,4,2.178725292787254,1.9116393582592814,2.467202772651229
Updated-V observed-pair mechanistic,Advantage,4.071428571428571,2.1846572610444595,1.923181817944118,2.4854376799195084
Updated-V observed-pair mechanistic,Advantage,4.142857142857142,2.189767791049249,1.9264647582448764,2.4795248390225813
Updated-V observed-pair mechanistic,Advantage,4.2142857142857135,2.193233789812339,1.9495087369083888,2.477217927504107
Updated-V observed-pair mechanistic,Advantage,4.285714285714286,2.195797592277412,1.950438715704052,2.47343961127417
Updated-V observed-pair mechanistic,Advantage,4.357142857142857,2.200969120358015,1.9646111603161605,2.472453698203169
Updated-V observed-pair mechanistic,Advantage,4.428571428571429,2.1992458789120812,1.9798641999506932,2.482831753492143
Updated-V observed-pair mechanistic,Advantage,4.5,2.199856310274919,1.9836814945169896,2.4878789429692145
Updated-V observed-pair mechanistic,Advantage,4.571428571428571,2.1947015107882484,1.9745411156626849,2.482504302370756
Updated-V observed-pair mechanistic,Advantage,4.642857142857142,2.1937607535456247,1.9663816741752231,2.470083454943592
Updated-V observed-pair mechanistic,Advantage,4.7142857142857135,2.1970810723471272,1.9606509807782615,2.4675297012742554
Updated-V observed-pair mechanistic,Advantage,4.785714285714286,2.191177896464761,1.9614648364415297,2.4675764964745013
Updated-V observed-pair mechanistic,Advantage,4.857142857142857,2.1909776074947667,1.950373119853781,2.467266033834476
Updated-V observed-pair mechanistic,Advantage,4.928571428571429,2.194106533002932,1.9487367571270455,2.4792599544949856
Updated-V observed-pair mechanistic,Advantage,5,2.1903247379764634,1.9533873509061441,2.4786952042064723
Updated-V observed-pair mechanistic,Advantage,5.071428571428571,2.190446593927185,1.9565464026007595,2.48055626347213
Updated-V observed-pair mechanistic,Advantage,5.142857142857142,2.194047851612194,1.9639974366759496,2.4641527483400405
Updated-V observed-pair mechanistic,Advantage,5.214285714285714,2.19082992423992,1.966645016957459,2.4742991985153258
Updated-V observed-pair mechanistic,Advantage,5.285714285714286,2.1980538931253735,1.9667501380203367,2.4672557874249774
Updated-V observed-pair mechanistic,Advantage,5.357142857142857,2.197671367387371,1.966407848219741,2.4671976647952407
Updated-V observed-pair mechanistic,Advantage,5.428571428571428,2.19908665761022,1.9517824050093315,2.4482918050205895
Updated-V observed-pair mechanistic,Advantage,5.5,2.1976693633635898,1.949303304308097,2.4486698355688223
Updated-V observed-pair mechanistic,Advantage,5.571428571428571,2.1971735407941315,1.931293232389975,2.4372894149760302
Updated-V observed-pair mechanistic,Advantage,5.642857142857142,2.1939311644459103,1.931457786568756,2.4422905061554925
Updated-V observed-pair mechanistic,Advantage,5.714285714285714,2.1947830410303393,1.93427466129261,2.4374005403645884
Updated-V observed-pair mechanistic,Advantage,5.785714285714286,2.1842563772473325,1.927745511055905,2.4400416776916747
Updated-V observed-pair mechanistic,Advantage,5.857142857142857,2.1757982418315693,1.9328710693310958,2.4425300311946296
Updated-V observed-pair mechanistic,Advantage,5.928571428571428,2.1683971183091684,1.927798404518759,2.430021569473078
Updated-V observed-pair mechanistic,Advantage,6,2.160054718938183,1.922090203969082,2.4214304242914713
Updated-V observed-pair mechanistic,Advantage,6.071428571428571,2.1501645557591686,1.919286131037673,2.403728852838135
Updated-V observed-pair mechanistic,Advantage,6.142857142857142,2.140598046932124,1.91737970367599,2.392682422509475
Updated-V observed-pair mechanistic,Advantage,6.214285714285714,2.131018145175144,1.919552024351585,2.3821482892552535
Updated-V observed-pair mechanistic,Advantage,6.285714285714286,2.1244781142185594,1.913505811651162,2.366311757777408
Updated-V observed-pair mechanistic,Advantage,6.357142857142857,2.1166558520125704,1.9047969990273093,2.3460048157834357
Updated-V observed-pair mechanistic,Advantage,6.428571428571428,2.106230470208592,1.8753293724030713,2.3265297212547527
Updated-V observed-pair mechanistic,Advantage,6.5,2.0956595600784924,1.8547924514083998,2.311112714964122
Updated-V observed-pair mechanistic,Advantage,6.571428571428571,2.076808666893669,1.8496980164840222,2.308138834497031
Updated-V observed-pair mechanistic,Advantage,6.642857142857142,2.0649958624690505,1.8323270614802303,2.3112465221837746
Updated-V observed-pair mechanistic,Advantage,6.7142857142857135,2.048090934901107,1.8172051816840116,2.313775518720738
Updated-V observed-pair mechanistic,Advantage,6.785714285714286,2.037096352957522,1.7954147596364818,2.2963317146516466
Updated-V observed-pair mechanistic,Advantage,6.857142857142857,2.0253450977209786,1.7765231784419504,2.2773577341137567
Updated-V observed-pair mechanistic,Advantage,6.928571428571428,2.0106540061294345,1.757775694918094,2.2572706961740527
Updated-V observed-pair mechanistic,Advantage,7,1.9947249588355702,1.7363554680369895,2.239445980743444
Updated-V observed-pair mechanistic,Advantage,7.071428571428571,1.9798310255590954,1.7255691317538489,2.2336272324117274
Updated-V observed-pair mechanistic,Advantage,7.142857142857142,1.9606287658306294,1.732807245127655,2.2210192577721535
Updated-V observed-pair mechanistic,Advantage,7.2142857142857135,1.952408713372336,1.728332886378394,2.211548569040064
Updated-V observed-pair mechanistic,Advantage,7.285714285714286,1.9383423785622689,1.7175512366109,2.1939375641158767
Updated-V observed-pair mechanistic,Advantage,7.357142857142857,1.9271607274123257,1.7195653122848313,2.1922826593920743
Updated-V observed-pair mechanistic,Advantage,7.428571428571428,1.9145092432015973,1.7037082963268468,2.1699750806790834
Updated-V observed-pair mechanistic,Advantage,7.5,1.902484107927105,1.6812265376091915,2.1561634370538485
Updated-V observed-pair mechanistic,Advantage,7.571428571428571,1.8925405463784402,1.6537537593914602,2.1518229655843077
Updated-V observed-pair mechanistic,Advantage,7.642857142857142,1.8814393082201208,1.6418255582616628,2.151901530814303
Updated-V observed-pair mechanistic,Advantage,7.7142857142857135,1.8709209935723132,1.6325305497007494,2.1467052920967586
Updated-V observed-pair mechanistic,Advantage,7.785714285714286,1.861154938862024,1.6178071173317512,2.144097516697963
Updated-V observed-pair mechanistic,Advantage,7.857142857142857,1.8512856573362706,1.6033142045200728,2.1288717590197717
Updated-V observed-pair mechanistic,Advantage,7.928571428571428,1.8408114922332108,1.5978960363594024,2.115853705394274
Updated-V observed-pair mechanistic,Advantage,8,1.8344200358888685,1.5987866826823105,2.0996079889898422
Updated-V observed-pair mechanistic,Advantage,8.071428571428571,1.8257922185113808,1.6053717275258048,2.069051341019381
Updated-V observed-pair mechanistic,Advantage,8.142857142857142,1.812044984995028,1.6040232533375203,2.0443971892099317
Updated-V observed-pair mechanistic,Advantage,8.214285714285714,1.8090741428976047,1.5989771276939486,2.020153850283845
Updated-V observed-pair mechanistic,Advantage,8.285714285714285,1.7985307627185376,1.5972731571691967,1.9937355311504945
Updated-V observed-pair mechanistic,Advantage,8.357142857142858,1.7855846242496456,1.5877631666652574,1.9871039842786158
Updated-V observed-pair mechanistic,Advantage,8.428571428571427,1.7783223009274924,1.5781430614024556,1.9721924416148344
Updated-V observed-pair mechanistic,Advantage,8.5,1.7649150211476576,1.56621296391152,1.9593130169414035
Updated-V observed-pair mechanistic,Advantage,8.571428571428571,1.7548504622761603,1.5532342580822287,1.9639592499357217
Updated-V observed-pair mechanistic,Advantage,8.642857142857142,1.7374711224016406,1.5376925510700028,1.9619100541765147
Updated-V observed-pair mechanistic,Advantage,8.714285714285714,1.7282308992663147,1.525157157144426,1.9484800034909797
Updated-V observed-pair mechanistic,Advantage,8.785714285714285,1.7136146259501472,1.5003545488447951,1.9339050785413616
Updated-V observed-pair mechanistic,Advantage,8.857142857142858,1.6982430577138954,1.4791570410808355,1.9164676585511444
Updated-V observed-pair mechanistic,Advantage,8.928571428571427,1.6793667665895424,1.4697889716037966,1.8990835267684203
Updated-V observed-pair mechanistic,Advantage,9,1.6591271185764715,1.4534784836698527,1.8739106794202984
Updated-V observed-pair mechanistic,Advantage,9.071428571428571,1.637292058173951,1.4376894230570019,1.852349630746831
Updated-V observed-pair mechanistic,Advantage,9.142857142857142,1.617642462498252,1.4161018070071683,1.8248428845858522
Updated-V observed-pair mechanistic,Advantage,9.214285714285714,1.592835270970197,1.3961593220472035,1.8026432968736898
Updated-V observed-pair mechanistic,Advantage,9.285714285714285,1.5686547175365455,1.3828266645745535,1.785314063685771
Updated-V observed-pair mechanistic,Advantage,9.357142857142856,1.5484475964460884,1.3676296340563852,1.7685377199158416
Updated-V observed-pair mechanistic,Advantage,9.428571428571429,1.5264361936683377,1.349641456304054,1.7556041504942554
Updated-V observed-pair mechanistic,Advantage,9.5,1.509103763884966,1.3175655319532575,1.749153418462269
Updated-V observed-pair mechanistic,Advantage,9.571428571428571,1.4902000219836453,1.2885217343235802,1.746837472229453
Updated-V observed-pair mechanistic,Advantage,9.642857142857142,1.4700415498807735,1.2683408638340983,1.743348655535968
Updated-V observed-pair mechanistic,Advantage,9.714285714285714,1.455257300565762,1.2411687058839307,1.7495485298166413
Updated-V observed-pair mechanistic,Advantage,9.785714285714285,1.443783883873385,1.225843122759618,1.7494658315542875
Updated-V observed-pair mechanistic,Advantage,9.857142857142856,1.4323715541163087,1.2054988648046627,1.7513373451179504
Updated-V observed-pair mechanistic,Advantage,9.928571428571429,1.4205147657164288,1.1918110170814369,1.7531963699642257
Updated-V observed-pair mechanistic,Advantage,10,1.4100257204836857,1.180528643027539,1.7543074550706486
Updated-V observed-pair mechanistic,Delta,3,0.8846636844496376,0.8169675188087951,0.9618989895083848
Updated-V observed-pair mechanistic,Delta,3.071428571428571,0.8790134808765371,0.8142349831118129,0.9529047052261063
Updated-V observed-pair mechanistic,Delta,3.142857142857143,0.8736990088421375,0.8117472887157866,0.9473834299541786
Updated-V observed-pair mechanistic,Delta,3.214285714285714,0.869681937815378,0.8098981762161046,0.9401681924400309
Updated-V observed-pair mechanistic,Delta,3.2857142857142856,0.8661365147498595,0.8067284698537883,0.9272564271106362
Updated-V observed-pair mechanistic,Delta,3.357142857142857,0.8609202707425978,0.7991819048726156,0.9173181514892126
Updated-V observed-pair mechanistic,Delta,3.4285714285714284,0.8561882253484231,0.7938765713102306,0.9148522644958175
Updated-V observed-pair mechanistic,Delta,3.5,0.8503039899347704,0.7869579954557592,0.9115483733559976
Updated-V observed-pair mechanistic,Delta,3.571428571428571,0.8447864437175945,0.7824557674206969,0.9072765046033404
Updated-V observed-pair mechanistic,Delta,3.642857142857143,0.8391708121920667,0.7763534680343919,0.9016509721445906
Updated-V observed-pair mechanistic,Delta,3.714285714285714,0.8329959135908309,0.7723722024465125,0.8985541514503973
Updated-V observed-pair mechanistic,Delta,3.7857142857142856,0.828290524428678,0.7691109426331391,0.8949291858524154
Updated-V observed-pair mechanistic,Delta,3.8571428571428568,0.8236782881084157,0.7650453842005808,0.893113724655039
Updated-V observed-pair mechanistic,Delta,3.9285714285714284,0.819430196935026,0.7608783181109938,0.8874474103264858
Updated-V observed-pair mechanistic,Delta,4,0.8155114917963278,0.7578430710677356,0.8830607215809236
Updated-V observed-pair mechanistic,Delta,4.071428571428571,0.811902421399525,0.75514752374883,0.880064785912812
Updated-V observed-pair mechanistic,Delta,4.142857142857142,0.8072499751673807,0.7516932844361941,0.8749603553682566
Updated-V observed-pair mechanistic,Delta,4.2142857142857135,0.8036601358705955,0.7472549264130165,0.8651890216874054
Updated-V observed-pair mechanistic,Delta,4.285714285714286,0.7996722545498501,0.7439057821260665,0.8577445214287772
Updated-V observed-pair mechanistic,Delta,4.357142857142857,0.7962352257274485,0.7400278723164545,0.8515371555392462
Updated-V observed-pair mechanistic,Delta,4.428571428571429,0.7920320748586813,0.7335703953846346,0.8499472816755118
Updated-V observed-pair mechanistic,Delta,4.5,0.7883113699730295,0.7279239220629942,0.8466271784347826
Updated-V observed-pair mechanistic,Delta,4.571428571428571,0.785973628655267,0.7225426148247509,0.8417407639401371
Updated-V observed-pair mechanistic,Delta,4.642857142857142,0.7821794958551529,0.7170910032922946,0.8407732506248532
Updated-V observed-pair mechanistic,Delta,4.7142857142857135,0.7786038923029623,0.7126651925522128,0.8386440601282786
Updated-V observed-pair mechanistic,Delta,4.785714285714286,0.7739866944863358,0.7103770712848999,0.8351549129634104
Updated-V observed-pair mechanistic,Delta,4.857142857142857,0.7709334277866345,0.7078460179546294,0.8303319587079139
Updated-V observed-pair mechanistic,Delta,4.928571428571429,0.767008062264618,0.7058512731644248,0.825479779943498
Updated-V observed-pair mechanistic,Delta,5,0.7634407036165243,0.7028894879977938,0.8189359395344707
Updated-V observed-pair mechanistic,Delta,5.071428571428571,0.7595695936423965,0.701124136979703,0.8140177980668244
Updated-V observed-pair mechanistic,Delta,5.142857142857142,0.7561826364467128,0.6978852963753601,0.8110293034566769
Updated-V observed-pair mechanistic,Delta,5.214285714285714,0.7530434061189683,0.695258285908206,0.8078788548434342
Updated-V observed-pair mechanistic,Delta,5.285714285714286,0.7495294088833044,0.6922599765454472,0.8058425259478683
Updated-V observed-pair mechanistic,Delta,5.357142857142857,0.7466157135367653,0.6863978646157531,0.8030547539176285
Updated-V observed-pair mechanistic,Delta,5.428571428571428,0.7422635496566659,0.6842365015290209,0.8009511030456248
Updated-V observed-pair mechanistic,Delta,5.5,0.7390610726492548,0.6799145596219064,0.8010166180856434
Updated-V observed-pair mechanistic,Delta,5.571428571428571,0.7353710706226345,0.6774138482740514,0.7994438061690383
Updated-V observed-pair mechanistic,Delta,5.642857142857142,0.7328678272702054,0.6720207424061431,0.7952092173235594
Updated-V observed-pair mechanistic,Delta,5.714285714285714,0.7302098938678325,0.6678721205078371,0.7917850647608564
Updated-V observed-pair mechanistic,Delta,5.785714285714286,0.7278336726330661,0.6640102335002646,0.7912029077930881
Updated-V observed-pair mechanistic,Delta,5.857142857142857,0.72633439436467,0.6602845776663351,0.7891439356419359
Updated-V observed-pair mechanistic,Delta,5.928571428571428,0.7241048401379555,0.6578647808961011,0.7850221163029759
Updated-V observed-pair mechanistic,Delta,6,0.7214788688848305,0.6597266868277623,0.7810489493263553
Updated-V observed-pair mechanistic,Delta,6.071428571428571,0.7184261807100343,0.659408654332773,0.777260909939565
Updated-V observed-pair mechanistic,Delta,6.142857142857142,0.7156919594271034,0.6619371292504878,0.7752401588674911
Updated-V observed-pair mechanistic,Delta,6.214285714285714,0.713597673225334,0.6629421638247829,0.7731673463504923
Updated-V observed-pair mechanistic,Delta,6.285714285714286,0.7118363248282725,0.6640371781935419,0.7717913554271344
Updated-V observed-pair mechanistic,Delta,6.357142857142857,0.7103755929766318,0.6644088077160459,0.7674687527745642
Updated-V observed-pair mechanistic,Delta,6.428571428571428,0.7087637951503903,0.6625497777595865,0.7684041753417813
Updated-V observed-pair mechanistic,Delta,6.5,0.7086808321523059,0.6615073890921036,0.766864194486866
Updated-V observed-pair mechanistic,Delta,6.571428571428571,0.7079038022576207,0.6584070574783717,0.7670009198896957
Updated-V observed-pair mechanistic,Delta,6.642857142857142,0.7068877125832257,0.6522491466263066,0.7667121908368857
Updated-V observed-pair mechanistic,Delta,6.7142857142857135,0.7062815524455222,0.6465902186204934,0.7661596545688107
Updated-V observed-pair mechanistic,Delta,6.785714285714286,0.7035651885492319,0.6416041199695456,0.7644937996349536
Updated-V observed-pair mechanistic,Delta,6.857142857142857,0.7014749754074645,0.6380652784355709,0.7633954582609456
Updated-V observed-pair mechanistic,Delta,6.928571428571428,0.6994634989645648,0.6376648031677895,0.758470220242486
Updated-V observed-pair mechanistic,Delta,7,0.6979183725632663,0.6324852237324039,0.7574945795540423
Updated-V observed-pair mechanistic,Delta,7.071428571428571,0.6948926646775766,0.6301755793305136,0.7566624641209901
Updated-V observed-pair mechanistic,Delta,7.142857142857142,0.6922983635033716,0.6282510581439812,0.7545639509308184
Updated-V observed-pair mechanistic,Delta,7.2142857142857135,0.6890985983826041,0.6298380514617716,0.7482242894936065
Updated-V observed-pair mechanistic,Delta,7.285714285714286,0.6851233380151138,0.6269382390055569,0.7449297425500689
Updated-V observed-pair mechanistic,Delta,7.357142857142857,0.6832892331929541,0.6258980613135144,0.7449904176021446
Updated-V observed-pair mechanistic,Delta,7.428571428571428,0.6809271450224453,0.6242631022329264,0.7448415387821287
Updated-V observed-pair mechanistic,Delta,7.5,0.6779282863891667,0.6233082823380186,0.7439488571218293
Updated-V observed-pair mechanistic,Delta,7.571428571428571,0.6752811243408345,0.619904912235375,0.7397738833642559
Updated-V observed-pair mechanistic,Delta,7.642857142857142,0.6726037907481255,0.6192283663055314,0.7402871440485063
Updated-V observed-pair mechanistic,Delta,7.7142857142857135,0.6718437282910054,0.6163051661246559,0.740579155594097
Updated-V observed-pair mechanistic,Delta,7.785714285714286,0.6698248285866603,0.6133066812846225,0.7380561153331818
Updated-V observed-pair mechanistic,Delta,7.857142857142857,0.6690220355551801,0.6123881623840975,0.7336369622680342
Updated-V observed-pair mechanistic,Delta,7.928571428571428,0.6686457448389979,0.6115216548032637,0.7292354034360023
Updated-V observed-pair mechanistic,Delta,8,0.6680079735130671,0.6129399701604542,0.7271162019092783
Updated-V observed-pair mechanistic,Delta,8.071428571428571,0.6679809608822801,0.615553861381651,0.7259838742541874
Updated-V observed-pair mechanistic,Delta,8.142857142857142,0.6687775867091132,0.6173477855555906,0.7266949472785104
Updated-V observed-pair mechanistic,Delta,8.214285714285714,0.670289165808418,0.6215644984874673,0.7284419633065794
Updated-V observed-pair mechanistic,Delta,8.285714285714285,0.6707283905024609,0.6237438255436997,0.729193071203477
Updated-V observed-pair mechanistic,Delta,8.357142857142858,0.6740998537706133,0.6239371546702959,0.7312666947212159
Updated-V observed-pair mechanistic,Delta,8.428571428571427,0.6758403277458664,0.6243024527267165,0.7349634701037258
Updated-V observed-pair mechanistic,Delta,8.5,0.6773573854229766,0.6264599545260571,0.7361455812501654
Updated-V observed-pair mechanistic,Delta,8.571428571428571,0.6809817034816141,0.6266787325353307,0.7382134909755755
Updated-V observed-pair mechanistic,Delta,8.642857142857142,0.6842500253298449,0.6293564222873562,0.7450475747064963
Updated-V observed-pair mechanistic,Delta,8.714285714285714,0.688979236875999,0.6303198385766242,0.752385437622558
Updated-V observed-pair mechanistic,Delta,8.785714285714285,0.6932794367861987,0.6339406439083255,0.75920513803957
Updated-V observed-pair mechanistic,Delta,8.857142857142858,0.698620308648481,0.6391638373681312,0.7670072131874187
Updated-V observed-pair mechanistic,Delta,8.928571428571427,0.7042317944479184,0.6453059652065478,0.7720852449613795
Updated-V observed-pair mechanistic,Delta,9,0.7098984031417317,0.6514672352601636,0.7775179464309285
Updated-V observed-pair mechanistic,Delta,9.071428571428571,0.7170394667238278,0.658038160093827,0.7832561909054618
Updated-V observed-pair mechanistic,Delta,9.142857142857142,0.7250842841700804,0.6659233020319352,0.7896726359675097
Updated-V observed-pair mechanistic,Delta,9.214285714285714,0.7346932716460104,0.6738414423347686,0.8003677413723148
Updated-V observed-pair mechanistic,Delta,9.285714285714285,0.7427546902350326,0.6820381792929993,0.8102434818330799
Updated-V observed-pair mechanistic,Delta,9.357142857142856,0.7512403248238728,0.6879253246305072,0.8165832718234178
Updated-V observed-pair mechanistic,Delta,9.428571428571429,0.759834499404766,0.693518924278375,0.8287408567777219
Updated-V observed-pair mechanistic,Delta,9.5,0.7687925651000993,0.6980786204755393,0.8420141922172276
Updated-V observed-pair mechanistic,Delta,9.571428571428571,0.7756626886711129,0.701799652698402,0.8538168256545614
Updated-V observed-pair mechanistic,Delta,9.642857142857142,0.7834770583481654,0.7027738990814916,0.8672474945779356
Updated-V observed-pair mechanistic,Delta,9.714285714285714,0.7904705749167094,0.7073597344972203,0.8789463491534868
Updated-V observed-pair mechanistic,Delta,9.785714285714285,0.7978544494623818,0.7056558750139121,0.8903856600568298
Updated-V observed-pair mechanistic,Delta,9.857142857142856,0.8055508100106578,0.7052792825393839,0.9035765803975757
Updated-V observed-pair mechanistic,Delta,9.928571428571429,0.8111234854830531,0.7058908379349244,0.914089697847282
Updated-V observed-pair mechanistic,Delta,10,0.8164515362624397,0.7064839280333646,0.9237125560130846
Updated-V observed-pair mechanistic,Omicron,3,1.6449998917988127,1.5036978316777165,1.788476671271426
Updated-V observed-pair mechanistic,Omicron,3.071428571428571,1.6610783025758553,1.521504279610032,1.8001680552421722
Updated-V observed-pair mechanistic,Omicron,3.142857142857143,1.6747253821830301,1.5390277359440665,1.8173162319364975
Updated-V observed-pair mechanistic,Omicron,3.214285714285714,1.6889780632387406,1.5570790320787407,1.8370619607884309
Updated-V observed-pair mechanistic,Omicron,3.2857142857142856,1.7069883723774613,1.571208881631666,1.8521679444514887
Updated-V observed-pair mechanistic,Omicron,3.357142857142857,1.7167024742392814,1.5807875927793817,1.8670552091817403
Updated-V observed-pair mechanistic,Omicron,3.4285714285714284,1.7301489951937241,1.5864515036174904,1.8900932972513191
Updated-V observed-pair mechanistic,Omicron,3.5,1.7436011775807034,1.5951282769665496,1.9102009358329608
Updated-V observed-pair mechanistic,Omicron,3.571428571428571,1.7557251589149048,1.5999477345972624,1.9273457885468817
Updated-V observed-pair mechanistic,Omicron,3.642857142857143,1.7617844005919836,1.60644095596396,1.9433920089800052
Updated-V observed-pair mechanistic,Omicron,3.714285714285714,1.769255650304598,1.6106898127174192,1.953125040863668
Updated-V observed-pair mechanistic,Omicron,3.7857142857142856,1.7745961319579493,1.6160468929159733,1.9652727467419102
Updated-V observed-pair mechanistic,Omicron,3.8571428571428568,1.77842997558491,1.6176260449110023,1.9659901717112378
Updated-V observed-pair mechanistic,Omicron,3.9285714285714284,1.780085312763948,1.6202040833725493,1.9710438552369494
Updated-V observed-pair mechanistic,Omicron,4,1.776217469473257,1.6211232978695955,1.9667349908462994
Updated-V observed-pair mechanistic,Omicron,4.071428571428571,1.770237837751544,1.6169594995269643,1.9574730584513624
Updated-V observed-pair mechanistic,Omicron,4.142857142857142,1.763825860147662,1.6186882794232538,1.9450086631092414
Updated-V observed-pair mechanistic,Omicron,4.2142857142857135,1.7569680422480767,1.6141109636844042,1.9303885501082025
Updated-V observed-pair mechanistic,Omicron,4.285714285714286,1.7495711130129403,1.6172271547849875,1.9258937413681352
Updated-V observed-pair mechanistic,Omicron,4.357142857142857,1.7446324695015822,1.6118719364062954,1.91327399530473
Updated-V observed-pair mechanistic,Omicron,4.428571428571429,1.7347141380587137,1.6059247271579582,1.908483279833392
Updated-V observed-pair mechanistic,Omicron,4.5,1.7249405249600374,1.6001764611252172,1.9038727270499054
Updated-V observed-pair mechanistic,Omicron,4.571428571428571,1.71846832461371,1.5894153662454042,1.894675536605227
Updated-V observed-pair mechanistic,Omicron,4.642857142857142,1.711086348456563,1.5758792570893498,1.8845180070799687
Updated-V observed-pair mechanistic,Omicron,4.7142857142857135,1.7020471651349092,1.565859659888787,1.8728260693242573
Updated-V observed-pair mechanistic,Omicron,4.785714285714286,1.6940475232377592,1.5556090031675263,1.8586878065775543
Updated-V observed-pair mechanistic,Omicron,4.857142857142857,1.6876932347400904,1.5456462392304966,1.8459947200389457
Updated-V observed-pair mechanistic,Omicron,4.928571428571429,1.679936547438238,1.5382336371868603,1.8355278766981824
Updated-V observed-pair mechanistic,Omicron,5,1.6733571822801054,1.5351333400490008,1.8280315349150635
Updated-V observed-pair mechanistic,Omicron,5.071428571428571,1.6655557118358373,1.53566288419072,1.8122950258142692
Updated-V observed-pair mechanistic,Omicron,5.142857142857142,1.6597616793681582,1.5276602323331832,1.7986088097713335
Updated-V observed-pair mechanistic,Omicron,5.214285714285714,1.6484818060647985,1.521902777572757,1.7965713670868035
Updated-V observed-pair mechanistic,Omicron,5.285714285714286,1.6417602685878885,1.511338915459198,1.7866291871029776
Updated-V observed-pair mechanistic,Omicron,5.357142857142857,1.6353806763711756,1.49834037798733,1.774637898763224
Updated-V observed-pair mechanistic,Omicron,5.428571428571428,1.628391259998405,1.4855424322541446,1.761318575092406
Updated-V observed-pair mechanistic,Omicron,5.5,1.619347242373522,1.474013028400053,1.754618077895103
Updated-V observed-pair mechanistic,Omicron,5.571428571428571,1.6087417771401635,1.4630256443661063,1.7488734006329991
Updated-V observed-pair mechanistic,Omicron,5.642857142857142,1.6047693552132767,1.4509068269787546,1.7461383650259763
Updated-V observed-pair mechanistic,Omicron,5.714285714285714,1.5954903676198582,1.4427997841537394,1.7314787752970486
Updated-V observed-pair mechanistic,Omicron,5.785714285714286,1.5861524516039327,1.432085201057293,1.7232101965748041
Updated-V observed-pair mechanistic,Omicron,5.857142857142857,1.575373473057437,1.4247395025960645,1.7214379465629075
Updated-V observed-pair mechanistic,Omicron,5.928571428571428,1.564620587247298,1.420129230446067,1.7059265697429487
Updated-V observed-pair mechanistic,Omicron,6,1.5569250106719386,1.4201322595870178,1.693516185430043
Updated-V observed-pair mechanistic,Omicron,6.071428571428571,1.546618476420913,1.4219381660598898,1.6820087858421897
Updated-V observed-pair mechanistic,Omicron,6.142857142857142,1.5368657411787905,1.4211825605629091,1.667531421406923
Updated-V observed-pair mechanistic,Omicron,6.214285714285714,1.5229578822558292,1.409936421151198,1.657899665155666
Updated-V observed-pair mechanistic,Omicron,6.285714285714286,1.5128917592798976,1.3972503444485582,1.6466480149568339
Updated-V observed-pair mechanistic,Omicron,6.357142857142857,1.4994769478721737,1.3897181484416954,1.6324882327931194
Updated-V observed-pair mechanistic,Omicron,6.428571428571428,1.4871233733873293,1.3719788868210563,1.626720861389981
Updated-V observed-pair mechanistic,Omicron,6.5,1.47633397911438,1.3607147480340553,1.6143277600884443
Updated-V observed-pair mechanistic,Omicron,6.571428571428571,1.464470035865914,1.3454780338110732,1.6062679146139995
Updated-V observed-pair mechanistic,Omicron,6.642857142857142,1.4522861259467752,1.3271605009442267,1.590677348957618
Updated-V observed-pair mechanistic,Omicron,6.7142857142857135,1.4400170386212812,1.3151114018055956,1.571396423939206
Updated-V observed-pair mechanistic,Omicron,6.785714285714286,1.4274842328397959,1.3044079970790865,1.5537836914995
Updated-V observed-pair mechanistic,Omicron,6.857142857142857,1.4141225997009799,1.2947440220980053,1.540615105303054
Updated-V observed-pair mechanistic,Omicron,6.928571428571428,1.4007090744818291,1.2846964791291202,1.5275769755497703
Updated-V observed-pair mechanistic,Omicron,7,1.3878170427349645,1.273733603457657,1.5132483714427123
Updated-V observed-pair mechanistic,Omicron,7.071428571428571,1.3717639475385592,1.264782336646239,1.4900794504796668
Updated-V observed-pair mechanistic,Omicron,7.142857142857142,1.3576436982603863,1.2523334566418454,1.477854371051215
Updated-V observed-pair mechanistic,Omicron,7.2142857142857135,1.343744820396415,1.2402621626379384,1.4621813301667843
Updated-V observed-pair mechanistic,Omicron,7.285714285714286,1.3295369646732804,1.2275051208589267,1.450501937090582
Updated-V observed-pair mechanistic,Omicron,7.357142857142857,1.3140628373730632,1.2159791589380076,1.4405984268055456
Updated-V observed-pair mechanistic,Omicron,7.428571428571428,1.3006403196239706,1.203114413614518,1.4250253228844942
Updated-V observed-pair mechanistic,Omicron,7.5,1.2883084664229414,1.1893716536952637,1.4178254072676912
Updated-V observed-pair mechanistic,Omicron,7.571428571428571,1.274884937264135,1.173288287438304,1.4103856104386308
Updated-V observed-pair mechanistic,Omicron,7.642857142857142,1.2632391667630087,1.1594873865616073,1.3997189964022752
Updated-V observed-pair mechanistic,Omicron,7.7142857142857135,1.2540188821565776,1.1462246652795947,1.3882493558703184
Updated-V observed-pair mechanistic,Omicron,7.785714285714286,1.2442886748216986,1.137524125268658,1.3779994784568876
Updated-V observed-pair mechanistic,Omicron,7.857142857142857,1.2356312101265403,1.1292446608143372,1.3681976468965682
Updated-V observed-pair mechanistic,Omicron,7.928571428571428,1.228499934172241,1.1255617626640548,1.3575574959930286
Updated-V observed-pair mechanistic,Omicron,8,1.2228265903355622,1.1220603423640914,1.3452289185478064
Updated-V observed-pair mechanistic,Omicron,8.071428571428571,1.2167147230225066,1.121534125829432,1.334307168111762
Updated-V observed-pair mechanistic,Omicron,8.142857142857142,1.2101235712492273,1.1162805808487524,1.3221522260039709
Updated-V observed-pair mechanistic,Omicron,8.214285714285714,1.2091335202645523,1.1143812238734747,1.311200141178543
Updated-V observed-pair mechanistic,Omicron,8.285714285714285,1.2051450978716107,1.1066815962344307,1.3058848957284102
Updated-V observed-pair mechanistic,Omicron,8.357142857142858,1.2001979321517304,1.1005892364699503,1.3030918317309972
Updated-V observed-pair mechanistic,Omicron,8.428571428571427,1.1979327713488894,1.091781678556158,1.3005477711349762
Updated-V observed-pair mechanistic,Omicron,8.5,1.194054021669482,1.0848307140203435,1.2990728080146758
Updated-V observed-pair mechanistic,Omicron,8.571428571428571,1.1911067266551796,1.0796120863061152,1.2992060547099156
Updated-V observed-pair mechanistic,Omicron,8.642857142857142,1.1899333376606887,1.0762064027109224,1.2992979596412564
Updated-V observed-pair mechanistic,Omicron,8.714285714285714,1.187678942393592,1.074592243481598,1.2973508143583863
Updated-V observed-pair mechanistic,Omicron,8.785714285714285,1.1845092873985754,1.0704546857988657,1.2942435355963755
Updated-V observed-pair mechanistic,Omicron,8.857142857142858,1.181613309550757,1.0659810103960976,1.285035436138473
Updated-V observed-pair mechanistic,Omicron,8.928571428571427,1.1794635028261715,1.0652021577742434,1.2826086636077665
Updated-V observed-pair mechanistic,Omicron,9,1.1757798900945,1.0662463082617133,1.2708440910597703
Updated-V observed-pair mechanistic,Omicron,9.071428571428571,1.1722120851545332,1.0697389941871405,1.2699164000323826
Updated-V observed-pair mechanistic,Omicron,9.142857142857142,1.1699288715863578,1.0732498448812355,1.2690434844284517
Updated-V observed-pair mechanistic,Omicron,9.214285714285714,1.1692684193476923,1.0762951047890683,1.2693242153496653
Updated-V observed-pair mechanistic,Omicron,9.285714285714285,1.1651652950556939,1.0749626827354495,1.264991051223201
Updated-V observed-pair mechanistic,Omicron,9.357142857142856,1.163606590975788,1.0736777707857998,1.2761133590264329
Updated-V observed-pair mechanistic,Omicron,9.428571428571429,1.1619827353627739,1.0708769121127724,1.2819326626658585
Updated-V observed-pair mechanistic,Omicron,9.5,1.1598346950005842,1.0635375315704483,1.2887931109758355
Updated-V observed-pair mechanistic,Omicron,9.571428571428571,1.1565574245896513,1.051650710229854,1.2942999781303923
Updated-V observed-pair mechanistic,Omicron,9.642857142857142,1.151915467144294,1.0392412283080354,1.3018381758096187
Updated-V observed-pair mechanistic,Omicron,9.714285714285714,1.149627878376751,1.0279702485554119,1.305689809583453
Updated-V observed-pair mechanistic,Omicron,9.785714285714285,1.149366725196288,1.0179118048924989,1.3168554280175035
Updated-V observed-pair mechanistic,Omicron,9.857142857142856,1.1499436150143587,1.0090824324118701,1.3263045079954854
Updated-V observed-pair mechanistic,Omicron,9.928571428571429,1.1504198350907116,1.004634014480712,1.331389838391569
Updated-V observed-pair mechanistic,Omicron,10,1.1487934600642635,0.9977944817911294,1.335655776506103
