rep_id,pd_i,job_id
1,1,1
1,2,2
1,3,3
1,4,4
1,5,5
1,6,6
1,7,7
1,8,8
1,9,9
1,10,10
2,1,11
2,2,12
2,3,13
2,4,14
2,5,15
2,6,16
2,7,17
2,8,18
2,9,19
2,10,20
3,1,21
3,2,22
3,3,23
3,4,24
3,5,25
3,6,26
3,7,27
3,8,28
3,9,29
3,10,30
4,1,31
4,2,32
4,3,33
4,4,34
4,5,35
4,6,36
4,7,37
4,8,38
4,9,39
4,10,40
5,1,41
5,2,42
5,3,43
5,4,44
5,5,45
5,6,46
5,7,47
5,8,48
5,9,49
5,10,50
6,1,51
6,2,52
6,3,53
6,4,54
6,5,55
6,6,56
6,7,57
6,8,58
6,9,59
6,10,60
7,1,61
7,2,62
7,3,63
7,4,64
7,5,65
7,6,66
7,7,67
7,8,68
7,9,69
7,10,70
8,1,71
8,2,72
8,3,73
8,4,74
8,5,75
8,6,76
8,7,77
8,8,78
8,9,79
8,10,80
9,1,81
9,2,82
9,3,83
9,4,84
9,5,85
9,6,86
9,7,87
9,8,88
9,9,89
9,10,90
10,1,91
10,2,92
10,3,93
10,4,94
10,5,95
10,6,96
10,7,97
10,8,98
10,9,99
10,10,100
11,1,101
11,2,102
11,3,103
11,4,104
11,5,105
11,6,106
11,7,107
11,8,108
11,9,109
11,10,110
12,1,111
12,2,112
12,3,113
12,4,114
12,5,115
12,6,116
12,7,117
12,8,118
12,9,119
12,10,120
13,1,121
13,2,122
13,3,123
13,4,124
13,5,125
13,6,126
13,7,127
13,8,128
13,9,129
13,10,130
14,1,131
14,2,132
14,3,133
14,4,134
14,5,135
14,6,136
14,7,137
14,8,138
14,9,139
14,10,140
15,1,141
15,2,142
15,3,143
15,4,144
15,5,145
15,6,146
15,7,147
15,8,148
15,9,149
15,10,150
16,1,151
16,2,152
16,3,153
16,4,154
16,5,155
16,6,156
16,7,157
16,8,158
16,9,159
16,10,160
17,1,161
17,2,162
17,3,163
17,4,164
17,5,165
17,6,166
17,7,167
17,8,168
17,9,169
17,10,170
18,1,171
18,2,172
18,3,173
18,4,174
18,5,175
18,6,176
18,7,177
18,8,178
18,9,179
18,10,180
19,1,181
19,2,182
19,3,183
19,4,184
19,5,185
19,6,186
19,7,187
19,8,188
19,9,189
19,10,190
20,1,191
20,2,192
20,3,193
20,4,194
20,5,195
20,6,196
20,7,197
20,8,198
20,9,199
20,10,200
21,1,201
21,2,202
21,3,203
21,4,204
21,5,205
21,6,206
21,7,207
21,8,208
21,9,209
21,10,210
22,1,211
22,2,212
22,3,213
22,4,214
22,5,215
22,6,216
22,7,217
22,8,218
22,9,219
22,10,220
23,1,221
23,2,222
23,3,223
23,4,224
23,5,225
23,6,226
23,7,227
23,8,228
23,9,229
23,10,230
24,1,231
24,2,232
24,3,233
24,4,234
24,5,235
24,6,236
24,7,237
24,8,238
24,9,239
24,10,240
25,1,241
25,2,242
25,3,243
25,4,244
25,5,245
25,6,246
25,7,247
25,8,248
25,9,249
25,10,250
26,1,251
26,2,252
26,3,253
26,4,254
26,5,255
26,6,256
26,7,257
26,8,258
26,9,259
26,10,260
27,1,261
27,2,262
27,3,263
27,4,264
27,5,265
27,6,266
27,7,267
27,8,268
27,9,269
27,10,270
28,1,271
28,2,272
28,3,273
28,4,274
28,5,275
28,6,276
28,7,277
28,8,278
28,9,279
28,10,280
29,1,281
29,2,282
29,3,283
29,4,284
29,5,285
29,6,286
29,7,287
29,8,288
29,9,289
29,10,290
30,1,291
30,2,292
30,3,293
30,4,294
30,5,295
30,6,296
30,7,297
30,8,298
30,9,299
30,10,300
31,1,301
31,2,302
31,3,303
31,4,304
31,5,305
31,6,306
31,7,307
31,8,308
31,9,309
31,10,310
32,1,311
32,2,312
32,3,313
32,4,314
32,5,315
32,6,316
32,7,317
32,8,318
32,9,319
32,10,320
33,1,321
33,2,322
33,3,323
33,4,324
33,5,325
33,6,326
33,7,327
33,8,328
33,9,329
33,10,330
34,1,331
34,2,332
34,3,333
34,4,334
34,5,335
34,6,336
34,7,337
34,8,338
34,9,339
34,10,340
35,1,341
35,2,342
35,3,343
35,4,344
35,5,345
35,6,346
35,7,347
35,8,348
35,9,349
35,10,350
36,1,351
36,2,352
36,3,353
36,4,354
36,5,355
36,6,356
36,7,357
36,8,358
36,9,359
36,10,360
37,1,361
37,2,362
37,3,363
37,4,364
37,5,365
37,6,366
37,7,367
37,8,368
37,9,369
37,10,370
38,1,371
38,2,372
38,3,373
38,4,374
38,5,375
38,6,376
38,7,377
38,8,378
38,9,379
38,10,380
39,1,381
39,2,382
39,3,383
39,4,384
39,5,385
39,6,386
39,7,387
39,8,388
39,9,389
39,10,390
40,1,391
40,2,392
40,3,393
40,4,394
40,5,395
40,6,396
40,7,397
40,8,398
40,9,399
40,10,400
41,1,401
41,2,402
41,3,403
41,4,404
41,5,405
41,6,406
41,7,407
41,8,408
41,9,409
41,10,410
42,1,411
42,2,412
42,3,413
42,4,414
42,5,415
42,6,416
42,7,417
42,8,418
42,9,419
42,10,420
43,1,421
43,2,422
43,3,423
43,4,424
43,5,425
43,6,426
43,7,427
43,8,428
43,9,429
43,10,430
44,1,431
44,2,432
44,3,433
44,4,434
44,5,435
44,6,436
44,7,437
44,8,438
44,9,439
44,10,440
45,1,441
45,2,442
45,3,443
45,4,444
45,5,445
45,6,446
45,7,447
45,8,448
45,9,449
45,10,450
46,1,451
46,2,452
46,3,453
46,4,454
46,5,455
46,6,456
46,7,457
46,8,458
46,9,459
46,10,460
47,1,461
47,2,462
47,3,463
47,4,464
47,5,465
47,6,466
47,7,467
47,8,468
47,9,469
47,10,470
48,1,471
48,2,472
48,3,473
48,4,474
48,5,475
48,6,476
48,7,477
48,8,478
48,9,479
48,10,480
49,1,481
49,2,482
49,3,483
49,4,484
49,5,485
49,6,486
49,7,487
49,8,488
49,9,489
49,10,490
50,1,491
50,2,492
50,3,493
50,4,494
50,5,495
50,6,496
50,7,497
50,8,498
50,9,499
50,10,500
